group,source_table,bin_lower_inclusive_percent,bin_upper_percent,count,total_unique_sites
HEK,HEK_union.csv,0,10,1437,186249
HEK,HEK_union.csv,10,20,37302,186249
HEK,HEK_union.csv,20,30,31521,186249
HEK,HEK_union.csv,30,40,24126,186249
HEK,HEK_union.csv,40,50,19449,186249
HEK,HEK_union.csv,50,60,17196,186249
HEK,HEK_union.csv,60,70,14307,186249
HEK,HEK_union.csv,70,80,13288,186249
HEK,HEK_union.csv,80,90,12963,186249
HEK,HEK_union.csv,90,100,14660,186249
HeLa,HeLa_union.csv,0,10,1387,45944
HeLa,HeLa_union.csv,10,20,6477,45944
HeLa,HeLa_union.csv,20,30,5080,45944
HeLa,HeLa_union.csv,30,40,4601,45944
HeLa,HeLa_union.csv,40,50,4535,45944
HeLa,HeLa_union.csv,50,60,4815,45944
HeLa,HeLa_union.csv,60,70,4172,45944
HeLa,HeLa_union.csv,70,80,3813,45944
HeLa,HeLa_union.csv,80,90,4146,45944
HeLa,HeLa_union.csv,90,100,6918,45944
